,revision,created,modified,user_created,user_modified,hostname_created,hostname_modified,device_created,device_modified,locale_created,locale_modified,id,group_identifier,group_identifier_as_pk,report_datetime,name,status,ratio,bypass_group_size_min,bypass_group_ratio,randomize_now,confirm_randomize_now,randomized,randomized_datetime,notes,site_id,country
0,0.1.32:main:b93d109e982121a3c52f61fe8d5be4015c870472,2022-12-19 12:44:33.169966+00:00,2023-05-24 06:32:22.767001+00:00,smzee,smzee,intecomm1,intecomm1,99,99,,,01f987b2-605b-40fc-88b2-59643cd65d4a,2080007-4,4c90d7c2-d71d-4bf4-bfd5-4960f1eb7398,2022-12-19 12:43:46+00:00,MANZESE UZURI,In followup,3.2500,False,True,Yes,RANDOMIZE,True,2023-05-24 06:32:22.301172+00:00,,208,tanzania
1,0.1.16:main:c1a3740a36d6c83206ef9dff605f92a8a821e3cd,2023-03-06 12:35:36.475421+00:00,2023-03-17 08:01:08.026912+00:00,snabikolo,snabikolo,intecomm1,intecomm1,99,99,,,057f0bab-67c6-4852-bd69-e6dc430972ea,1030003-6,0060ad8e-1d4d-483f-b59f-b32a103513af,2023-03-06 12:35:21+00:00,KITINTALE,In followup,,True,True,Yes,RANDOMIZE,True,2023-03-17 08:01:07.727994+00:00,,103,uganda
2,0.1.74:main:177d7ae910fc86cbfec11b43b04ff6845169b738,2023-07-13 13:42:03.002753+00:00,2023-09-08 06:49:20.214814+00:00,skitinusa,skitinusa,intecomm1,intecomm1,99,99,,,07d041d1-8324-4954-bbbc-f7a73763440d,2050007-0,1b70b33a-5cfd-4c26-b361-5a1868f27859,2023-07-13 13:38:14+00:00,KISARAWE,In followup,4.0000,True,True,Yes,RANDOMIZE,True,2023-09-08 06:49:19.738263+00:00,,205,tanzania
3,0.1.31:main:aad00ae3a75642ec87732529e6616f1a4533cdb6,2022-12-19 11:27:59.904341+00:00,2023-05-18 07:20:46.914076+00:00,smzee,smzee,intecomm1,intecomm1,99,99,,,07e3b375-a0d7-4490-a599-67a307a53d47,2080006-6,4cb260aa-244b-4d11-b4cb-d4d0b5937134,2022-12-19 11:26:39+00:00,MAGOMENI,In followup,2.4000,False,True,Yes,RANDOMIZE,True,2023-05-18 07:20:46.616077+00:00,,208,tanzania
4,0.1.55:main:89156a10adbb0a5c7b916c926f426894c897523a,2023-05-16 09:31:45.585203+00:00,2023-08-10 07:26:27.632718+00:00,sssemata,enaluyiga,intecomm1,intecomm1,99,99,,,0bac18e4-3cb5-4b21-bbae-8acee79b666c,1100009-8,4a1f1db7-0920-4c72-a318-acf7a639f0a5,2023-05-16 09:30:36+00:00,MASITOWA,In followup,4.0000,True,True,Yes,RANDOMIZE,True,2023-08-10 07:26:27.304273+00:00,,110,uganda
5,0.1.68:main:f022a38dd435b601814b47490b2ef9b8eee2e5ee,2023-06-28 10:30:59.310275+00:00,2023-08-28 07:16:23.361448+00:00,smzee,smzee,intecomm1,intecomm1,99,99,,,10dad2f6-1671-411b-9946-05285e8d5a70,2080011-6,52166c25-c843-45b2-b47e-1d8ff04fae64,2023-06-28 10:19:35+00:00,MWANANYAMALA  4,In followup,2.7500,False,True,Yes,RANDOMIZE,True,2023-08-28 07:16:22.905594+00:00,,208,tanzania
6,0.1.32:main:b93d109e982121a3c52f61fe8d5be4015c870472,2023-04-24 09:27:14.072302+00:00,2023-05-29 07:47:38.021838+00:00,anafuna,anafuna,intecomm1,intecomm1,99,99,,,13090d95-0683-42c8-b56e-e88bfcfa05be,1060007-0,55948e60-927f-4ef6-8ceb-ce6b2e1c8ffb,2023-04-24 09:25:11+00:00,BUSUNJU GROUP,In followup,2.0000,False,True,Yes,RANDOMIZE,True,2023-05-29 07:47:37.733184+00:00,,106,uganda
7,0.1.62:main:861f3601ca04c0d4b77221aecdba3dabc6cbed94,2023-01-02 07:05:11.456191+00:00,2023-08-23 06:34:32.702012+00:00,wakwilin,gelikana,intecomm1,intecomm1,99,99,,,18fba688-f473-4501-8f64-312dd2791d14,2090005-6,60f90d09-2388-4c4a-b052-62baa95295dc,2023-01-02 07:04:25+00:00,MAGOMENI MANZESE,In followup,1.5000,False,True,Yes,RANDOMIZE,True,2023-08-23 06:34:32.365483+00:00,,209,tanzania
8,0.1.16:main:c1a3740a36d6c83206ef9dff605f92a8a821e3cd,2022-12-05 07:20:49.362726+00:00,2023-02-23 07:17:08.806038+00:00,snabikolo,snabikolo,intecomm1,intecomm1,99,99,,,1af6f19f-4c7f-4e0c-99cb-297dcfd4e899,1030001-0,8fa9f266-e418-46f4-a7fe-65ed872f6ed6,2022-12-05 07:15:39+00:00,MUTUNGO,In followup,,False,True,Yes,RANDOMIZE,True,2023-02-23 07:17:08.472108+00:00,,103,uganda
9,0.1.9:main:a1601fde2a3b43e48c287fe306196ab2859280aa,2022-12-12 10:54:49.423518+00:00,2023-01-30 07:29:27.556213+00:00,dserunjogi,dserunjogi,intecomm1,intecomm1,99,99,,,1c0e74af-3119-46c3-bca8-72c2146c9ce4,1080001-9,4d5b5738-1fce-44a7-8977-19f8c64b8fba,2022-12-12 10:43:43+00:00,BUSABALA NORTH,In followup,,False,True,Yes,RANDOMIZE,True,2023-01-30 07:27:52.347576+00:00,,108,uganda
10,0.1.19:main:7d71cd885cc81da3ecef5b934d1c9c65938d5b3c,2023-03-21 14:01:33.825107+00:00,2023-04-20 06:35:25.856509+00:00,amtui,amtui,intecomm1,intecomm1,99,99,,,1d08a880-fd29-44d3-873a-f9c7e60dcb64,2020006-9,cc639a0b-07a3-4e01-bd6d-234dcaded18f,2023-03-21 13:59:45+00:00,MAGOMENI-BAGAMOYO,In followup,,False,True,Yes,RANDOMIZE,True,2023-04-20 06:35:25.442128+00:00,,202,tanzania
11,0.1.16:main:c1a3740a36d6c83206ef9dff605f92a8a821e3cd,2023-02-02 07:13:25.783122+00:00,2023-04-04 07:09:37.800690+00:00,enaluyiga,enaluyiga,intecomm1,intecomm1,99,99,,,22612dbe-88f1-4c6e-a916-c6cdef5b8444,1100004-9,77228347-c7b4-4afb-a3f1-2171d527a229,2023-02-02 07:13:09+00:00,KAYUNGA,In followup,,True,True,Yes,RANDOMIZE,True,2023-04-04 07:09:37.488011+00:00,,110,uganda
12,0.1.32:main:b93d109e982121a3c52f61fe8d5be4015c870472,2023-05-16 09:25:42.047193+00:00,2023-06-14 06:21:06.197343+00:00,sssemata,ckusilika,intecomm1,intecomm1,99,99,,,2360d6c0-cb04-4e60-b6b0-5cab573737d5,1100008-0,3446d8ff-557d-48de-8709-2057614a611a,2023-05-16 09:24:18+00:00,YESU AMALA,In followup,4.0000,True,True,Yes,RANDOMIZE,True,2023-06-14 06:21:05.380735+00:00,,110,uganda
13,0.1.16:main:c1a3740a36d6c83206ef9dff605f92a8a821e3cd,2023-03-10 09:17:34.756024+00:00,2023-03-23 07:10:26.356345+00:00,jlyungu,smzee,intecomm1,intecomm1,99,99,,,2382593b-6690-4b24-8e9b-0a32ea585387,2100001-3,d5e8c46b-a95b-4196-a6f7-ef4f9e2dafa3,2023-03-10 09:17:16+00:00,TANDIKA,In followup,,True,True,Yes,RANDOMIZE,True,2023-03-23 07:10:26.012183+00:00,,210,tanzania
14,0.1.16:main:c1a3740a36d6c83206ef9dff605f92a8a821e3cd,2023-02-17 08:27:29.567213+00:00,2023-03-02 07:50:19.920077+00:00,amtui,wakwilin,intecomm1,intecomm1,99,99,,,26ac576d-d924-4b9f-9d2a-b3495b8f9a48,2020001-0,53d99165-af1c-4d9b-ac1f-8a9c243c7954,2023-02-17 08:23:19+00:00,ZINGA,In followup,,False,True,Yes,RANDOMIZE,True,2023-03-02 07:50:19.624084+00:00,,202,tanzania
15,0.1.20:main:d595f1de1238a52ff0becca15cd94aa1212ad533,2023-03-24 07:45:25.472571+00:00,2023-04-27 07:22:12.785123+00:00,enaluyiga,sssemata,intecomm1,intecomm1,99,99,,,2a98e43c-ff6c-44e5-9bcb-168b777f0d6d,1100005-6,c4dfa041-fc41-4fbf-aaa1-dfaeb524cb13,2023-03-24 07:44:55+00:00,KAKOOGE,In followup,,True,True,Yes,RANDOMIZE,True,2023-04-27 07:22:12.494735+00:00,THE STUDY CORDINATOR ACCEPTED TO RANDOMIZE THE GROUP,110,uganda
16,0.1.20:main:d595f1de1238a52ff0becca15cd94aa1212ad533,2023-04-03 10:42:39.979325+00:00,2023-05-05 08:01:23.100902+00:00,dserunjogi,dserunjogi,intecomm1,intecomm1,99,99,,,2e12aaab-7c88-4309-960f-56d967f03cd7,1050004-9,7719a34f-7d63-43cf-8a20-c01ef75d55f6,2023-04-03 10:33:48+00:00,WARD C PARISH,In followup,,False,True,Yes,RANDOMIZE,True,2023-05-05 08:01:22.811095+00:00,,105,uganda
17,0.1.18:main:d40eb5ce206266fb036a620f05c2201407ca5c37,2023-04-12 10:49:41.710516+00:00,2023-04-19 07:21:10.901650+00:00,jlyungu,jlyungu,intecomm1,intecomm1,99,99,,,32933015-6cda-4f2d-80a9-60dba94543eb,2100002-1,ade039e8-773d-4d39-9f4a-15f0e1da84a5,2023-04-12 10:47:16+00:00,YOMBO,In followup,,True,True,Yes,RANDOMIZE,True,2023-04-19 07:21:10.573054+00:00,,210,tanzania
18,0.1.32:main:b93d109e982121a3c52f61fe8d5be4015c870472,2023-04-26 18:41:53.111788+00:00,2023-05-19 07:40:40.110380+00:00,akigongo,barineitwe,intecomm1,intecomm1,99,99,,,36f1782f-38cf-4f26-ba1e-13fdcc2f14e3,1010002-2,d04cdf51-619c-4e91-bbab-318f64f8f9f9,2023-04-26 18:31:21+00:00,MASOOLI GRP 1,In followup,4.0000,True,True,Yes,RANDOMIZE,True,2023-05-19 07:40:39.805014+00:00,,101,uganda
19,0.1.20:main:d595f1de1238a52ff0becca15cd94aa1212ad533,2023-04-03 12:13:01.880041+00:00,2023-05-03 07:21:24.649032+00:00,dserunjogi,dserunjogi,intecomm1,intecomm1,99,99,,,3768943d-f788-4882-88d1-b42118ce211d,1050002-3,22992500-e53e-431b-adf8-64c6014bc1a8,2023-04-03 12:12:08+00:00,KONKOMA PARISH,In followup,,True,False,Yes,RANDOMIZE,True,2023-05-03 07:21:24.337518+00:00,,105,uganda
20,0.1.20:main:d595f1de1238a52ff0becca15cd94aa1212ad533,2023-04-14 09:57:27.864205+00:00,2023-04-25 08:05:52.153904+00:00,anafuna,ikintu,intecomm1,intecomm1,99,99,,,3b233904-f148-42a6-a856-7e468ce29016,1060001-3,5ced29e8-d767-4546-83fc-62169a9fafbe,2023-04-14 09:57:00+00:00,KASANGA-LUGUZI GROUP,In followup,,True,True,Yes,RANDOMIZE,True,2023-04-25 08:05:51.841275+00:00,,106,uganda
21,0.1.31:main:aad00ae3a75642ec87732529e6616f1a4533cdb6,2023-04-04 07:19:09.545458+00:00,2023-05-16 06:43:37.513390+00:00,dserunjogi,dserunjogi,intecomm1,intecomm1,99,99,,,3b75f4d5-242c-4e3c-a7f1-9026c59fb146,1050005-6,cecf94cd-e822-4d9a-9efb-d39b4a62ce6c,2023-04-04 07:17:26+00:00,WARD B PARISH,In followup,2.5000,False,True,Yes,RANDOMIZE,True,2023-05-16 06:43:37.197603+00:00,,105,uganda
22,0.1.32:main:b93d109e982121a3c52f61fe8d5be4015c870472,2023-03-14 17:48:26.548907+00:00,2023-06-05 07:11:22.028070+00:00,anafuna,wnabukeera,intecomm1,intecomm1,99,99,,,3c61a19b-c99e-4f70-8cdb-d5a395fe469f,1020006-1,29964e1d-9ee6-44e9-9f9d-0e198e2d5a77,2023-03-14 17:40:19+00:00,BUKASA GROUP 2,In followup,2.5000,True,True,Yes,RANDOMIZE,True,2023-06-05 07:11:21.724765+00:00,,102,uganda
23,0.1.32:main:b93d109e982121a3c52f61fe8d5be4015c870472,2023-04-24 09:30:16.203351+00:00,2023-06-01 08:21:47.053537+00:00,akigongo,barineitwe,intecomm1,intecomm1,99,99,,,3e791fa6-1545-4db8-9b5a-3d407281509a,1010003-0,b8076f82-f1e8-4e37-8e75-17a97c65f393,2023-04-24 09:09:08+00:00,WAMPEWO,In followup,4.3333,True,True,Yes,RANDOMIZE,True,2023-06-01 08:21:46.750237+00:00,,101,uganda
24,0.1.20:main:d595f1de1238a52ff0becca15cd94aa1212ad533,2023-04-18 12:41:47.983493+00:00,2023-04-27 07:53:00.103469+00:00,anafuna,anafuna,intecomm1,intecomm1,99,99,,,3f34217f-ddc2-4c96-b2f2-626324b3adab,1060002-1,c190905f-c27a-4c99-a6fc-fbf313a6b6f9,2023-04-18 12:39:37+00:00,NAMAYUMBA GROUP,In followup,,True,True,Yes,RANDOMIZE,True,2023-04-27 07:52:59.776150+00:00,,106,uganda
25,0.1.31:main:aad00ae3a75642ec87732529e6616f1a4533cdb6,2023-03-23 07:42:27.076539+00:00,2023-05-16 07:03:19.861849+00:00,mddumba,mddumba,intecomm1,intecomm1,99,99,,,3fc87813-2020-429f-a0ba-4782f4b6a10a,1080006-8,5968afcc-ccd9-4d2f-8f09-cf77d18dfa20,2023-03-23 06:51:15+00:00,GGANGU,In followup,2.4000,True,True,Yes,RANDOMIZE,True,2023-05-16 07:03:19.462527+00:00,,108,uganda
26,0.1.74:main:177d7ae910fc86cbfec11b43b04ff6845169b738,2023-03-28 10:15:57.905839+00:00,2023-09-18 07:04:58.773562+00:00,jlyungu,jlyungu,intecomm1,intecomm1,99,99,,,42480d17-2fa8-472e-af4d-45f770d726ce,2100009-6,0a9964a5-5a73-4367-a2ae-d1fe4d587e7c,2023-03-28 10:14:58+00:00,YOMBO KILAKALA,In followup,1.6000,True,True,Yes,RANDOMIZE,True,2023-09-18 07:04:58.418795+00:00,,210,tanzania
27,0.1.32:main:b93d109e982121a3c52f61fe8d5be4015c870472,2023-04-12 10:14:26.707895+00:00,2023-05-30 08:01:50.150023+00:00,dserunjogi,dserunjogi,intecomm1,intecomm1,99,99,,,441c8958-185a-4f9c-9703-e7b640d55d31,1050009-8,738ca37c-d98f-4b87-a3c7-64d6305600fb,2023-04-12 10:12:39+00:00,WARD A PARISH,In followup,1.8000,False,True,Yes,RANDOMIZE,True,2023-05-30 08:01:49.828204+00:00,,105,uganda
28,0.1.16:main:c1a3740a36d6c83206ef9dff605f92a8a821e3cd,2022-12-02 06:16:02.358274+00:00,2023-03-02 07:19:08.365106+00:00,inamakoola,ikintu,intecomm1,intecomm1,99,99,,,487f00d4-08fc-468e-a415-91f4e193ed73,1100001-5,193c0842-a6ad-4ef2-9892-c6edc9607d20,2023-02-27 09:36:44+00:00,MENDE,In followup,,True,True,Yes,RANDOMIZE,True,2023-03-02 07:19:08.032661+00:00,,110,uganda
29,0.1.16:main:c1a3740a36d6c83206ef9dff605f92a8a821e3cd,2022-12-13 12:41:25.009768+00:00,2023-02-16 07:04:35.928676+00:00,gelikana,gelikana,intecomm1,intecomm1,99,99,,,4a95c102-2cea-4909-bd44-23f58e7a8118,2010001-2,9d7a0a6b-feb1-47cc-b1db-316e57118037,2022-12-13 12:40:57+00:00,BUGURUNI MNYAMANI,In followup,,False,True,Yes,RANDOMIZE,True,2023-02-16 07:04:35.537874+00:00,,201,tanzania
30,0.1.32:main:b93d109e982121a3c52f61fe8d5be4015c870472,2023-04-12 08:13:35.150220+00:00,2023-06-05 07:30:10.519376+00:00,jlyungu,jlyungu,intecomm1,intecomm1,99,99,,,4aecafc8-678d-4ec2-a206-e94d3428c93c,2100006-2,f31a49f2-9743-4778-b580-241108e94b18,2023-04-12 08:08:27+00:00,BUZA,In followup,2.0000,True,True,Yes,RANDOMIZE,True,2023-06-05 07:30:10.225529+00:00,,210,tanzania
31,0.1.32:main:b93d109e982121a3c52f61fe8d5be4015c870472,2023-04-27 10:14:52.478111+00:00,2023-05-31 07:29:55.719700+00:00,sssentayi,tmugasa,intecomm1,intecomm1,99,99,,,4c9634b3-5004-43aa-8fd8-541dcccdbca0,1030008-5,12a40a7d-7b9e-49b9-81f3-96f27e97bee3,2023-04-27 10:01:33+00:00,MBUYA B,In followup,2.2000,True,True,Yes,RANDOMIZE,True,2023-05-31 07:29:55.400387+00:00,,103,uganda
32,0.1.15:main:5a93731df40038d39e1b6c5c8df0653a862610c2,2022-12-20 11:30:51.971623+00:00,2023-02-13 07:19:40.979411+00:00,smzee,wakwilin,intecomm1,intecomm1,99,99,,,503b579c-e9ae-4012-978a-ec91232fceae,2080001-7,50ae9eb2-bc1c-4d34-bae1-ddaa5a60d9eb,2022-12-20 11:29:49+00:00,MWANANYAMALA 1,In followup,,False,True,Yes,RANDOMIZE,True,2023-02-13 07:19:40.462370+00:00,,208,tanzania
33,0.1.32:main:b93d109e982121a3c52f61fe8d5be4015c870472,2023-01-09 08:28:40.509468+00:00,2023-06-02 07:14:20.865419+00:00,smzee,smzee,intecomm1,intecomm1,99,99,,,513c82f4-b8ad-48a4-a39a-267796051a2b,2080009-0,741efb69-a747-497d-804c-df2e091d4bda,2023-01-09 08:27:45+00:00,KIGOGO,In followup,4.3333,False,True,Yes,RANDOMIZE,True,2023-06-02 07:14:20.559422+00:00,,208,tanzania
34,0.1.32:main:b93d109e982121a3c52f61fe8d5be4015c870472,2023-03-23 08:19:54.097233+00:00,2023-05-29 06:35:48.934813+00:00,mddumba,snabikolo,intecomm1,intecomm1,99,99,,,52dbb37f-b607-4847-9e65-e216d2f56f8b,1080009-2,35e7e0c9-4e8a-4bcc-a395-d2eb8cafe507,2023-03-23 08:19:20+00:00,MASAJJA B,In followup,3.0000,True,True,Yes,RANDOMIZE,True,2023-05-29 06:35:48.618207+00:00,,108,uganda
35,0.1.32:main:b93d109e982121a3c52f61fe8d5be4015c870472,2023-01-04 06:20:19.417507+00:00,2023-06-23 07:20:36.765280+00:00,smzee,smzee,intecomm1,intecomm1,99,99,,,56ec2ca3-bb61-4ef6-ad3c-d1a295603a39,2080010-8,d4032dff-9191-4587-bca1-163dbae34694,2023-01-04 06:19:21+00:00,KIMARA MBEZI,In followup,13.0000,True,True,Yes,RANDOMIZE,True,2023-06-23 07:20:36.339470+00:00,,208,tanzania
36,0.1.16:main:c1a3740a36d6c83206ef9dff605f92a8a821e3cd,2023-03-10 07:44:06.898548+00:00,2023-03-28 08:02:25.542943+00:00,amtui,amtui,intecomm1,intecomm1,99,99,,,5746319a-8da0-4862-bf01-04d1c9defec1,2020005-1,b9674446-bcc6-4351-9c3e-962b2fec40a7,2023-03-10 07:39:19+00:00,DUNDA,In followup,,False,True,Yes,RANDOMIZE,True,2023-03-28 08:02:25.191076+00:00,,202,tanzania
37,0.1.16:main:c1a3740a36d6c83206ef9dff605f92a8a821e3cd,2023-02-08 09:25:04.530615+00:00,2023-03-09 07:18:52.832565+00:00,wnabukeera,fssentongo,intecomm1,intecomm1,99,99,,,58cb9ecc-023b-43e5-8615-344fce358c68,1020001-2,fc32716c-ac9a-4bc9-8f9f-31e9887f559a,2023-02-08 09:05:24+00:00,BUKASA GROUP,In followup,,True,True,Yes,RANDOMIZE,True,2023-03-09 07:18:52.464679+00:00,,102,uganda
38,0.1.20:main:d595f1de1238a52ff0becca15cd94aa1212ad533,2022-12-15 06:47:39.685748+00:00,2023-05-03 07:27:18.176556+00:00,gelikana,hshirima,intecomm1,intecomm1,99,99,,,59d5413a-c6b8-4de2-a111-f72322fda238,2010004-6,f1acd967-5ed7-494b-af64-bfe6e0de615d,2022-12-15 06:47:21+00:00,KIWALANI,In followup,,False,True,Yes,RANDOMIZE,True,2023-05-03 07:27:17.889335+00:00,,201,tanzania
39,0.1.74:main:177d7ae910fc86cbfec11b43b04ff6845169b738,2023-07-13 12:10:35.735865+00:00,2023-09-15 07:08:33.088724+00:00,smzee,smzee,intecomm1,intecomm1,99,99,,,59e241d2-2783-4885-a315-c1bde82f0dc1,2080012-4,591687f2-99a2-4cca-86b6-038ad786c2af,2023-07-13 12:07:16+00:00,KIMARA-MBEZI 2,In followup,2.5000,False,True,Yes,RANDOMIZE,True,2023-09-15 07:08:32.741356+00:00,,208,tanzania
40,0.1.16:main:c1a3740a36d6c83206ef9dff605f92a8a821e3cd,2023-03-06 15:26:01.053377+00:00,2023-03-28 07:55:59.574221+00:00,amtui,amtui,intecomm1,intecomm1,99,99,,,5b60dc79-cf45-4d02-9235-74f932db5b69,2020003-6,1662c310-955d-4743-bf58-efc5d1d86d0c,2023-03-06 15:20:27+00:00,YOMBO BAGAMOYO,In followup,,False,True,Yes,RANDOMIZE,True,2023-03-28 07:55:59.216420+00:00,,202,tanzania
41,0.1.16:main:c1a3740a36d6c83206ef9dff605f92a8a821e3cd,2023-03-13 08:42:57.717853+00:00,2023-04-17 07:27:15.013178+00:00,mddumba,snabikolo,intecomm1,intecomm1,99,99,,,5b78b757-f96a-4c8c-b5ef-25f2f3d03109,1080005-0,6d148655-fa4a-49bf-a6f1-0af9abc45fd0,2023-03-13 08:42:18+00:00,NDEJJE SOUTH,In followup,,True,True,Yes,RANDOMIZE,True,2023-04-17 07:27:14.711640+00:00,,108,uganda
42,0.1.32:main:b93d109e982121a3c52f61fe8d5be4015c870472,2023-05-02 07:09:23.854296+00:00,2023-05-22 07:10:35.112633+00:00,anafuna,anafuna,intecomm1,intecomm1,99,99,,,6236222b-36ed-46c1-a78f-62208c4024a3,1060005-4,bb349383-447e-4af9-a538-864c8d5f00eb,2023-05-02 07:07:06+00:00,LUTISI GROUP,In followup,2.7500,True,True,Yes,RANDOMIZE,True,2023-05-22 07:10:34.827772+00:00,,106,uganda
43,0.1.16:main:c1a3740a36d6c83206ef9dff605f92a8a821e3cd,2022-12-06 14:15:41.235716+00:00,2023-02-22 08:15:15.069511+00:00,gelikana,skitinusa,intecomm1,intecomm1,99,99,,,6272450e-b162-4298-9e0a-997461a52daf,2050001-3,dbb78181-6792-42cd-92b0-9959c8efdad9,2022-12-06 14:14:25+00:00,GONGO LA MBOTO,In followup,,True,True,Yes,RANDOMIZE,True,2023-02-22 08:15:14.747914+00:00,,205,tanzania
44,0.1.32:main:b93d109e982121a3c52f61fe8d5be4015c870472,2023-03-30 11:52:35.627389+00:00,2023-06-26 06:39:30.659717+00:00,skitinusa,skitinusa,intecomm1,intecomm1,99,99,,,63d52d6c-a65b-4077-8f40-b9467556d1a4,2050006-2,5bd24fb3-b9df-41ac-a8b4-436e974e78f8,2023-03-30 11:52:10+00:00,BOMANI,In followup,4.0000,True,True,Yes,RANDOMIZE,True,2023-06-26 06:39:30.256150+00:00,,205,tanzania
45,0.1.32:main:b93d109e982121a3c52f61fe8d5be4015c870472,2023-05-16 09:19:45.351660+00:00,2023-06-06 08:57:30.851046+00:00,anafuna,anafuna,intecomm1,intecomm1,99,99,,,6405d82d-e60f-48ed-b055-7b1ef0fb1044,1060009-6,1d1508e5-187c-49ef-a4b0-bc9b74a7c7f7,2023-05-16 09:17:26+00:00,KYANUNA GROUP,In followup,4.3333,True,True,Yes,RANDOMIZE,True,2023-06-06 08:57:30.494388+00:00,,106,uganda
46,0.1.16:main:c1a3740a36d6c83206ef9dff605f92a8a821e3cd,2022-12-16 11:52:13.001253+00:00,2023-02-17 06:35:04.520478+00:00,gelikana,gelikana,intecomm1,intecomm1,99,99,,,67325c11-2b2d-441e-b7e7-8d42dfc55ae1,2010002-0,4c19495f-391d-43eb-8fe3-73baedb3ee37,2022-12-16 11:51:31+00:00,VINGUNGUTI,In followup,,False,True,Yes,RANDOMIZE,True,2023-02-17 06:35:04.177729+00:00,,201,tanzania
47,0.1.32:main:b93d109e982121a3c52f61fe8d5be4015c870472,2022-12-12 11:02:23.449031+00:00,2023-07-05 07:23:26.851222+00:00,gelikana,gelikana,intecomm1,intecomm1,99,99,,,6b06e4e4-b11d-4d16-810d-7e86bcab4fd6,2010009-5,8e438eaf-6cb3-4af1-b5f5-a55827762192,2022-12-12 11:01:25+00:00,TABATA,In followup,2.5000,False,False,Yes,RANDOMIZE,True,2023-07-05 07:23:26.379541+00:00,,201,tanzania
48,0.1.70:main:5eec7d4e31f7060b44fa72f806febdd8b6c4b942,2023-04-27 12:26:17.340577+00:00,2023-08-30 08:50:02.435819+00:00,barineitwe,barineitwe,intecomm1,intecomm1,99,99,,,6fddbbdb-6a89-4f0d-877d-fe4abb5389d3,1010006-3,b84d0f82-f614-40c7-bfc4-09ec15424847,2023-04-27 12:25:10+00:00,MAGERE,In followup,3.0000,True,True,Yes,RANDOMIZE,True,2023-08-30 08:50:01.729648+00:00,,101,uganda
49,0.1.32:main:b93d109e982121a3c52f61fe8d5be4015c870472,2023-06-02 06:33:10.508507+00:00,2023-06-14 08:08:24.354593+00:00,barineitwe,barineitwe,intecomm1,intecomm1,99,99,,,704e1a3f-62b5-4c47-8ae2-8fc0e5ebbf4a,1010005-5,51c0624b-d96d-4e57-879a-dcd5cfdf1faf,2023-06-02 06:30:15+00:00,BULAMU,In followup,1.6000,True,True,Yes,RANDOMIZE,True,2023-06-14 08:08:23.623387+00:00,,101,uganda
50,0.1.16:main:c1a3740a36d6c83206ef9dff605f92a8a821e3cd,2022-12-21 12:28:50.416866+00:00,2023-03-29 07:40:19.433563+00:00,smzee,smzee,intecomm1,intecomm1,99,99,,,71c54a6b-df42-445a-b127-4f3b9bc2d5e5,2080005-8,d6599db3-8445-4436-9e69-9734b8009c73,2022-12-21 12:27:58+00:00,TANDALE,In followup,,True,True,Yes,RANDOMIZE,True,2023-03-29 07:40:19.135938+00:00,,208,tanzania
51,0.1.20:main:d595f1de1238a52ff0becca15cd94aa1212ad533,2023-03-27 09:50:49.458908+00:00,2023-04-27 07:01:23.164809+00:00,skitinusa,skitinusa,intecomm1,intecomm1,99,99,,,72af2d61-3768-410f-b82b-4e12c64f64fe,2050004-7,67276f21-42a5-422c-8f3a-2e1da472c6da,2023-03-27 09:49:07+00:00,PUGU,In followup,,True,True,Yes,RANDOMIZE,True,2023-04-27 07:01:22.858412+00:00,,205,tanzania
52,0.1.32:main:b93d109e982121a3c52f61fe8d5be4015c870472,2023-03-24 12:27:18.607398+00:00,2023-06-07 07:31:32.788476+00:00,snabikolo,tmugasa,intecomm1,intecomm1,99,99,,,81ca3fe0-6bbd-4ba8-8b7f-8f8bbb20de31,1030009-3,72f0155e-322c-4cc0-a53f-ab6f4f210784,2023-03-24 12:26:54+00:00,KASOKOSO,In followup,1.8000,True,True,Yes,RANDOMIZE,True,2023-06-07 07:31:32.307206+00:00,,103,uganda
53,0.1.16:main:c1a3740a36d6c83206ef9dff605f92a8a821e3cd,2022-12-12 08:15:31.859539+00:00,2023-02-21 07:54:04.782161+00:00,wakwilin,wakwilin,intecomm1,intecomm1,99,99,,,8410b5e2-813a-4caf-8f4c-e58fc8d05207,2090002-3,cd11b8b5-4ffb-4d09-b6ff-40fe26a53b31,2022-12-12 08:09:45+00:00,KIMARA,In followup,,False,True,Yes,RANDOMIZE,True,2023-02-21 07:54:04.480632+00:00,,209,tanzania
54,0.1.16:main:c1a3740a36d6c83206ef9dff605f92a8a821e3cd,2023-03-17 12:20:46.214377+00:00,2023-03-28 07:59:38.599034+00:00,amtui,amtui,intecomm1,intecomm1,99,99,,,875f1b02-3bed-4ab4-a834-b84589dd3fe6,2020004-4,7039ae29-5587-44b6-9d45-b6fd5ab9b717,2023-03-17 12:02:26+00:00,NIANJEMA,In followup,,False,True,Yes,RANDOMIZE,True,2023-03-28 07:59:38.308667+00:00,,202,tanzania
55,0.1.16:main:c1a3740a36d6c83206ef9dff605f92a8a821e3cd,2022-12-08 11:54:32.557625+00:00,2023-03-29 06:56:43.236124+00:00,gelikana,gelikana,intecomm1,intecomm1,99,99,,,8a4ffb5a-c9a2-4971-a3f4-28e6469db43c,2010003-8,35b9c2f1-05f8-4e8d-b585-0cf3a10509ed,2022-12-08 11:51:49+00:00,TABATA KIMANGA,In followup,,True,True,Yes,RANDOMIZE,True,2023-03-29 06:56:42.873117+00:00,,201,tanzania
56,0.1.20:main:d595f1de1238a52ff0becca15cd94aa1212ad533,2023-03-02 10:31:04.275619+00:00,2023-04-25 07:17:22.317850+00:00,anafuna,wnabukeera,intecomm1,intecomm1,99,99,,,8bdf4fd0-857c-42e7-87e9-f4dc1f19d2d7,1020004-6,f1e8c34c-8bac-4b9f-8bce-9203522e890c,2023-03-02 10:11:04+00:00,KIBULI GROUP,In followup,,True,True,Yes,RANDOMIZE,True,2023-04-25 07:17:21.976160+00:00,,102,uganda
57,0.1.74:main:177d7ae910fc86cbfec11b43b04ff6845169b738,2023-07-10 10:27:05.355471+00:00,2023-09-25 06:55:10.862037+00:00,skitinusa,skitinusa,intecomm1,intecomm1,99,99,,,8bf6a4e0-f8df-4e2e-88d7-726d6557a99d,2050008-8,133faeff-2cf2-4678-8c8b-1c71ebdb8cbe,2023-07-10 10:23:22+00:00,PUGU KONA,In followup,5.5000,True,True,Yes,RANDOMIZE,True,2023-09-25 06:55:10.469756+00:00,,205,tanzania
58,0.1.74:main:177d7ae910fc86cbfec11b43b04ff6845169b738,2023-02-14 09:02:00.437997+00:00,2023-09-22 06:57:36.109552+00:00,gelikana,hshirima,intecomm1,intecomm1,99,99,,,8c374525-f409-47c9-abd7-88bf10a8f136,2010011-1,c6d537b4-e2b5-4548-8127-0d12966075d6,2023-02-14 09:01:31+00:00,GONGO LA MBOTO (A),In followup,4.0000,False,True,Yes,RANDOMIZE,True,2023-09-22 06:57:35.569797+00:00,,201,tanzania
59,0.1.16:main:c1a3740a36d6c83206ef9dff605f92a8a821e3cd,2023-02-02 07:13:00.634571+00:00,2023-03-14 07:04:44.432493+00:00,enaluyiga,enaluyiga,intecomm1,intecomm1,99,99,,,8e543ce5-dcc2-4b1f-96b0-368d1d183cd4,1100002-3,955bbf83-5984-43d6-b994-23cbf60f876b,2023-03-14 06:46:22+00:00,KISIMBIRI,In followup,,True,True,Yes,RANDOMIZE,True,2023-03-14 07:04:44.035939+00:00,,110,uganda
60,0.1.32:main:b93d109e982121a3c52f61fe8d5be4015c870472,2023-03-13 08:43:26.809440+00:00,2023-05-23 06:43:48.569839+00:00,mddumba,mddumba,intecomm1,intecomm1,99,99,,,908a3b34-002b-4267-8305-7b465359478f,1080008-4,b9531bd9-b073-4ea7-bbb4-3ed332fecac2,2023-03-13 08:43:05+00:00,KIBUTIKA,In followup,2.2000,True,True,Yes,RANDOMIZE,True,2023-05-23 06:43:48.235793+00:00,,108,uganda
61,0.1.20:main:d595f1de1238a52ff0becca15cd94aa1212ad533,2023-04-18 10:12:49.280575+00:00,2023-05-02 06:59:34.996915+00:00,fbukirwa,dserunjogi,intecomm1,intecomm1,99,99,,,9390657c-f534-4e71-ba3b-f1572d8fbdbf,1050001-5,862cd397-1f24-48d1-a932-a0018fb9a297,2023-04-18 10:12:24+00:00,KATENDE PARISH,In followup,,True,False,Yes,RANDOMIZE,True,2023-05-02 06:59:34.683648+00:00,,105,uganda
62,0.1.32:main:b93d109e982121a3c52f61fe8d5be4015c870472,2023-03-24 12:29:51.817943+00:00,2023-05-26 08:04:53.465383+00:00,snabikolo,tmugasa,intecomm1,intecomm1,99,99,,,9574fdb5-bbcf-4c06-adb9-c1da7b197a26,1030006-9,9b106fe5-0e2d-4f4c-9b0e-37c591d67d89,2023-03-24 12:29:23+00:00,BWEYOGERERE,In followup,1.8000,True,True,Yes,RANDOMIZE,True,2023-05-26 08:04:53.175112+00:00,,103,uganda
63,0.1.16:main:c1a3740a36d6c83206ef9dff605f92a8a821e3cd,2022-12-02 10:54:40.066891+00:00,2023-04-03 07:05:35.623414+00:00,inamakoola,enaluyiga,intecomm1,intecomm1,99,99,,,95d20e0b-c7c4-4d50-be7c-5bc751bf64af,1100003-1,49756459-e22d-43b5-83c7-872833aa287f,2022-12-02 10:53:44+00:00,SSALA,In followup,,True,True,Yes,RANDOMIZE,True,2023-04-03 07:05:35.326464+00:00,,110,uganda
64,0.1.16:main:c1a3740a36d6c83206ef9dff605f92a8a821e3cd,2022-12-08 11:23:09.903177+00:00,2023-03-03 08:11:45.195184+00:00,snabikolo,tmugasa,intecomm1,intecomm1,99,99,,,963750ec-554c-40f2-886c-d8dcb5b28841,1030002-8,665e3f70-d748-435b-aaa3-25df2c33bf7e,2022-12-08 11:22:15+00:00,MBUYA,In followup,,True,True,Yes,RANDOMIZE,True,2023-03-03 08:11:44.878170+00:00,,103,uganda
65,0.1.29:main:739a42966be575a7fdc8331278a4eb76842a559f,2023-05-05 12:26:55.848907+00:00,2023-05-12 08:30:08.315004+00:00,fssentongo,fssentongo,intecomm1,intecomm1,99,99,,,98862e0e-0555-4594-9e4c-01c2c3bc5c7e,1070002-9,32205071-2199-48d6-b156-79bd60002624,2023-05-05 12:23:48+00:00,BUSUKUMA,In followup,1.6000,True,True,Yes,RANDOMIZE,True,2023-05-12 08:30:07.942829+00:00,,107,uganda
66,0.1.20:main:d595f1de1238a52ff0becca15cd94aa1212ad533,2023-04-05 10:25:38.347523+00:00,2023-05-04 07:09:20.952634+00:00,sserwatt,jlyungu,intecomm1,intecomm1,99,99,,,98d87e03-3909-49ab-a1a2-618c787932d5,2100004-7,8be9384a-33dc-4da7-817b-6ec936dd0201,2023-04-05 10:23:33+00:00,CHARAMBE,In followup,,True,True,Yes,RANDOMIZE,True,2023-05-04 07:09:20.659078+00:00,,210,tanzania
67,0.1.16:main:c1a3740a36d6c83206ef9dff605f92a8a821e3cd,2022-12-27 08:22:35.922600+00:00,2023-03-29 07:24:42.510230+00:00,wakwilin,wakwilin,intecomm1,intecomm1,99,99,,,9bf8d6a0-7abf-4806-9b20-80c76a7fbc96,2090003-1,5e0c8da2-7b40-44c7-b4e3-5af21942749c,2022-12-27 08:21:36+00:00,MABIBO,In followup,,False,True,Yes,RANDOMIZE,True,2023-03-29 07:24:42.196748+00:00,,209,tanzania
68,0.1.32:main:b93d109e982121a3c52f61fe8d5be4015c870472,2022-12-12 11:18:16.861718+00:00,2023-05-26 07:07:01.654400+00:00,gelikana,gelikana,intecomm1,intecomm1,99,99,,,9e937e50-499e-4f2a-9f18-1c5d3c68aca3,2010007-9,7e3d698e-8311-410e-8110-9afcbf680940,2022-12-12 11:17:53+00:00,KINYEREZI,In followup,1.3333,False,True,Yes,RANDOMIZE,True,2023-05-26 07:07:01.341859+00:00,,201,tanzania
69,0.1.32:main:b93d109e982121a3c52f61fe8d5be4015c870472,2023-05-16 16:10:08.795858+00:00,2023-06-01 07:35:14.856417+00:00,anafuna,anafuna,intecomm1,intecomm1,99,99,,,a0d45cd2-351c-4b2b-839d-01b2fe940dc6,1060008-8,3126f7ba-c006-45ee-b79a-1c4c5227fe92,2023-05-16 15:59:32+00:00,MALANGATA-BUGIMBA,In followup,1.6000,True,True,Yes,RANDOMIZE,True,2023-06-01 07:35:14.437579+00:00,,106,uganda
70,0.1.32:main:b93d109e982121a3c52f61fe8d5be4015c870472,2023-05-23 13:59:05.263643+00:00,2023-06-07 08:58:20.643222+00:00,bmusubika,barineitwe,intecomm1,intecomm1,99,99,,,a1caf172-e567-4bdd-ba6e-392c6460bc7a,1010004-8,cee616f9-74a1-45b6-99ec-52954bcac057,2023-05-23 13:57:55+00:00,Mpererwe,In followup,3.5000,True,True,Yes,RANDOMIZE,True,2023-06-07 08:58:20.192887+00:00,,101,uganda
71,0.1.16:main:c1a3740a36d6c83206ef9dff605f92a8a821e3cd,2023-02-21 10:47:48.845878+00:00,2023-03-06 07:38:10.179901+00:00,dserunjogi,dserunjogi,intecomm1,intecomm1,99,99,,,a345b9ab-f41a-4264-a79a-5305d140b5d5,1080003-5,f789a827-acdf-4ff5-b314-7adb9b8b50de,2023-02-21 10:47:25+00:00,NDEJJE NORTH,In followup,,False,True,Yes,RANDOMIZE,True,2023-03-06 07:38:09.858098+00:00,,108,uganda
72,0.1.32:main:b93d109e982121a3c52f61fe8d5be4015c870472,2022-12-16 07:02:43.403152+00:00,2023-06-02 07:08:20.405838+00:00,smzee,smzee,intecomm1,intecomm1,99,99,,,a49f82d1-d557-47bb-abf0-df618871e3fa,2080008-2,e891313d-4a95-4a18-abc4-8614a7aa76fa,2022-12-16 07:01:44+00:00,TEGETA KWA NDEVU,In followup,4.0000,False,True,Yes,RANDOMIZE,True,2023-06-02 07:08:20.112649+00:00,,208,tanzania
73,0.1.20:main:d595f1de1238a52ff0becca15cd94aa1212ad533,2023-03-06 10:57:00.156030+00:00,2023-05-04 07:25:12.918792+00:00,fbukirwa,enaluyiga,intecomm1,intecomm1,99,99,,,a6265200-f13c-444f-97bb-68a0ba94e806,1100006-4,5813188e-acb0-4704-9f42-9233816dc95e,2023-03-06 10:51:40+00:00,KAKIRI,In followup,,True,True,Yes,RANDOMIZE,True,2023-05-04 07:25:12.614250+00:00,,110,uganda
74,0.1.32:main:b93d109e982121a3c52f61fe8d5be4015c870472,2023-05-11 06:33:11.687807+00:00,2023-05-25 08:18:47.090030+00:00,anafuna,anafuna,intecomm1,intecomm1,99,99,,,abacc78a-0ff2-4725-9d1d-c76b199dd28b,1060006-2,dd6a09c0-bdf5-436e-a780-b9635923a6b8,2023-05-11 06:30:30+00:00,KITAITA GROUP,In followup,1.8000,False,True,Yes,RANDOMIZE,True,2023-05-25 08:18:46.786193+00:00,,106,uganda
75,0.1.16:main:c1a3740a36d6c83206ef9dff605f92a8a821e3cd,2022-12-29 08:49:00.584082+00:00,2023-03-22 07:08:49.549473+00:00,smzee,gelikana,intecomm1,intecomm1,99,99,,,ac452808-19f1-4f1d-a4e1-f5aff5e8f95d,2080003-3,fbe07bcb-3e0c-41bd-af9d-f438aee8cba2,2022-12-29 08:48:17+00:00,MWANANYAMALA 3,In followup,,True,True,Yes,RANDOMIZE,True,2023-03-22 07:08:49.184199+00:00,,208,tanzania
76,0.1.29:main:739a42966be575a7fdc8331278a4eb76842a559f,2023-04-26 15:28:00.409440+00:00,2023-05-12 07:47:52.354985+00:00,akigongo,barineitwe,intecomm1,intecomm1,99,99,,,af8954e1-8cc1-4ddc-9f19-f1f917a8e918,1010001-4,7f9e15a7-5553-426f-bd96-b4b13f3a3896,2023-04-26 15:17:49+00:00,KASANGATI GRP 1,In followup,3.6667,True,True,Yes,RANDOMIZE,True,2023-05-12 07:47:52.047785+00:00,,101,uganda
77,0.1.16:main:c1a3740a36d6c83206ef9dff605f92a8a821e3cd,2023-01-20 06:59:24.530493+00:00,2023-03-20 08:40:40.496403+00:00,mddumba,dserunjogi,intecomm1,intecomm1,99,99,,,b13549c0-f9ad-4ada-9973-0ec45e3d0bd5,1080004-3,7d3a818b-ec5a-463b-9351-0b151392fbb1,2023-01-20 06:42:12+00:00,BUSABALA SOUTH,In followup,,True,True,Yes,RANDOMIZE,True,2023-03-20 08:40:40.183951+00:00,,108,uganda
78,0.1.20:main:d595f1de1238a52ff0becca15cd94aa1212ad533,2023-04-04 08:35:16.177422+00:00,2023-05-04 07:46:39.995233+00:00,dserunjogi,dserunjogi,intecomm1,intecomm1,99,99,,,b2d00fe3-0270-4b49-8973-e55b57c50263,1050003-1,7a172044-8aa0-461d-98cf-dc506cf974b1,2023-04-04 08:34:03+00:00,MAZIBA PARISH,In followup,,True,True,Yes,RANDOMIZE,True,2023-05-04 07:46:39.714232+00:00,,105,uganda
79,0.1.32:main:b93d109e982121a3c52f61fe8d5be4015c870472,2023-03-10 08:15:27.876484+00:00,2023-06-22 06:59:59.284377+00:00,amtui,amtui,intecomm1,intecomm1,99,99,,,b348deb4-de1c-4fb1-a7c6-dbfff8ceafe2,2020008-5,f14dc716-8260-4bfe-b66e-973f1e03c1f1,2023-03-10 08:11:06+00:00,UMOJA(FUKAYOSICHALINZE),In followup,2.2500,True,True,Yes,RANDOMIZE,True,2023-06-22 06:59:58.651978+00:00,,202,tanzania
80,0.1.32:main:b93d109e982121a3c52f61fe8d5be4015c870472,2023-03-21 10:13:54.738301+00:00,2023-06-06 08:35:54.563123+00:00,anafuna,wnabukeera,intecomm1,intecomm1,99,99,,,b34fe0e7-59a1-418b-8f7a-1b8b15436dff,1020007-9,f89569a3-689d-4de3-a2b6-1700ad6e7c58,2023-03-21 10:12:57+00:00,KISUGU GROUP 2,In followup,2.5000,True,True,Yes,RANDOMIZE,True,2023-06-06 08:35:53.953292+00:00,,102,uganda
81,0.1.62:main:861f3601ca04c0d4b77221aecdba3dabc6cbed94,2023-04-12 08:37:01.685071+00:00,2023-08-23 07:27:18.017674+00:00,jlyungu,jlyungu,intecomm1,intecomm1,99,99,,,b3c185ad-3eff-465a-96a6-ef7160b3d3cc,2100007-0,113f479b-42e6-46cd-8ba6-8d9e272c4b87,2023-04-12 08:36:02+00:00,KIJICHI,In followup,2.2500,True,True,Yes,RANDOMIZE,True,2023-08-23 07:27:17.703461+00:00,,210,tanzania
82,0.1.68:main:f022a38dd435b601814b47490b2ef9b8eee2e5ee,2023-03-21 08:21:13.307282+00:00,2023-08-28 07:13:21.633252+00:00,jlyungu,jlyungu,intecomm1,intecomm1,99,99,,,b481175c-93f3-4ac4-abdf-10c90f2f5c35,2100008-8,59e3f39a-0e32-45f5-82d1-382df0b18f63,2023-03-21 08:18:06+00:00,MIKOROSHINI,In followup,1.6000,True,True,Yes,RANDOMIZE,True,2023-08-28 07:13:21.143110+00:00,,210,tanzania
83,0.1.16:main:c1a3740a36d6c83206ef9dff605f92a8a821e3cd,2023-01-02 06:07:23.691741+00:00,2023-04-13 06:46:22.630362+00:00,wakwilin,wakwilin,intecomm1,intecomm1,99,99,,,b65b6c2b-717f-4054-b737-393beaf5f934,2090004-9,c39798ae-d1de-4d6c-9e67-c2eb3b191ae8,2023-01-02 06:04:00+00:00,TANDALE UZURI,In followup,,False,True,Yes,RANDOMIZE,True,2023-04-13 06:46:22.309518+00:00,,209,tanzania
84,0.1.16:main:c1a3740a36d6c83206ef9dff605f92a8a821e3cd,2022-12-06 14:20:29.170700+00:00,2023-02-22 08:26:49.623379+00:00,faikaeli,faikaeli,intecomm1,intecomm1,99,99,,,b6705ec3-b5fa-40a5-8f2d-c6c78076a28d,2050002-1,9e9c22e5-cd0a-4460-abbe-ee8c4b15a0a7,2022-12-06 14:07:08+00:00,KIBAONI,In followup,,True,True,Yes,RANDOMIZE,True,2023-02-22 08:26:49.332059+00:00,"This is a prescreening group, later to be adjusted before randomisation",205,tanzania
85,0.1.16:main:c1a3740a36d6c83206ef9dff605f92a8a821e3cd,2022-12-28 10:08:51.980159+00:00,2023-02-28 07:17:53.761446+00:00,smzee,smzee,intecomm1,intecomm1,99,99,,,b6d3f262-efe9-4ef4-b957-da570123b2c4,2080002-5,8294fed8-d7c3-4ce8-a093-2c8f70b19f63,2022-12-28 10:06:29+00:00,MWANANYAMALA 2,In followup,,True,True,Yes,RANDOMIZE,True,2023-02-28 07:17:53.445733+00:00,,208,tanzania
86,0.1.32:main:b93d109e982121a3c52f61fe8d5be4015c870472,2023-03-24 12:27:44.279748+00:00,2023-05-29 08:14:40.352820+00:00,snabikolo,tmugasa,intecomm1,intecomm1,99,99,,,b7410431-0459-4b03-aff1-9457fb865700,1030007-7,e5377973-8709-4d75-b2f0-1b36053fb5cf,2023-03-24 12:27:24+00:00,BUGOLOOBI,In followup,3.6667,True,True,Yes,RANDOMIZE,True,2023-05-29 08:14:40.052871+00:00,,103,uganda
87,0.1.19:main:7d71cd885cc81da3ecef5b934d1c9c65938d5b3c,2023-03-09 09:17:22.496694+00:00,2023-04-21 07:25:26.433081+00:00,jlyungu,jlyungu,intecomm1,intecomm1,99,99,,,bb21a2a2-1f6c-4f5e-875b-fb3de4b921bf,2100003-9,7adceb80-daf7-43d8-8966-d8c29ffa0798,2023-03-09 09:10:09+00:00,CHAMAZI,In followup,,True,True,Yes,RANDOMIZE,True,2023-04-21 07:25:26.119343+00:00,,210,tanzania
88,0.1.16:main:c1a3740a36d6c83206ef9dff605f92a8a821e3cd,2023-03-06 10:07:59.867428+00:00,2023-03-20 08:35:27.167225+00:00,snabikolo,snabikolo,intecomm1,intecomm1,99,99,,,bbb01465-22cf-42b1-9e86-7a21d0bf2a9b,1030004-4,da07c2e3-3356-4db6-afcd-41082a4abd8a,2023-03-06 10:07:35+00:00,MUTUNGO B,In followup,,True,True,Yes,RANDOMIZE,True,2023-03-20 08:35:26.871837+00:00,,103,uganda
89,0.1.16:main:c1a3740a36d6c83206ef9dff605f92a8a821e3cd,2022-12-29 11:46:42.585548+00:00,2023-03-09 07:53:12.873273+00:00,skitinusa,skitinusa,intecomm1,intecomm1,99,99,,,bc5d1b88-e4ff-4bd4-a57f-00c159365bf6,2050003-9,da776bfb-6ed8-4032-8482-c22241b027a4,2022-12-29 11:46:07+00:00,CHANIKA,In followup,,True,True,Yes,RANDOMIZE,True,2023-03-09 07:53:12.242108+00:00,,205,tanzania
90,0.1.32:main:b93d109e982121a3c52f61fe8d5be4015c870472,2022-12-02 06:16:37.946442+00:00,2023-05-25 06:26:42.954359+00:00,inamakoola,sssemata,intecomm1,intecomm1,99,99,,,bca19791-f9a6-42eb-b761-7eb936be88e6,1100007-2,7f9ab9a6-d4e7-45d8-96a3-67a7a46d0efc,2023-01-04 06:16:18+00:00,MPUNGA,In followup,6.5000,True,True,Yes,RANDOMIZE,True,2023-05-25 06:26:42.652931+00:00,,110,uganda
91,0.1.20:main:d595f1de1238a52ff0becca15cd94aa1212ad533,2023-04-18 15:08:37.536788+00:00,2023-05-04 09:02:25.608073+00:00,anafuna,ikintu,intecomm1,intecomm1,99,99,,,bd9311a3-362e-4a4a-b8ce-c0981c384e59,1060003-9,e6d6831f-bc74-462f-9ebd-8a1f7773f88b,2023-04-18 15:07:38+00:00,MWERA GROUP,In followup,,True,True,Yes,RANDOMIZE,True,2023-05-04 09:02:25.271096+00:00,,106,uganda
92,0.1.16:main:c1a3740a36d6c83206ef9dff605f92a8a821e3cd,2023-02-13 12:28:17.049821+00:00,2023-03-02 08:00:44.274454+00:00,amtui,wakwilin,intecomm1,intecomm1,99,99,,,bdb95fdb-7035-4df2-8a1e-aada30501643,2020002-8,bf6c9457-af7c-43b1-bef4-7f1a8bdf75f1,2023-02-13 12:21:50+00:00,KIROMO,In followup,,False,True,Yes,RANDOMIZE,True,2023-03-02 08:00:43.920610+00:00,,202,tanzania
93,0.1.32:main:b93d109e982121a3c52f61fe8d5be4015c870472,2023-04-18 15:25:30.579595+00:00,2023-06-07 08:22:57.375853+00:00,anafuna,anafuna,intecomm1,intecomm1,99,99,,,bdf079bd-925d-45cc-9169-1a3e1fe8f5f9,1060010-4,ec46fd6f-76d0-417f-9dac-7352f1b7dcb5,2023-04-18 15:24:16+00:00,KANZIRO GROUP,In followup,2.7500,False,True,Yes,RANDOMIZE,True,2023-06-07 08:22:56.751458+00:00,,106,uganda
94,0.1.16:main:c1a3740a36d6c83206ef9dff605f92a8a821e3cd,2023-03-02 10:10:44.310163+00:00,2023-03-23 07:31:16.509605+00:00,anafuna,wnabukeera,intecomm1,intecomm1,99,99,,,be694eac-e97d-4865-9220-6cefbb8a64b3,1020002-0,13de15cd-740a-4ca2-ab9c-fb81a2d7037b,2023-03-02 09:55:38+00:00,NAMUWONGO GROUP,In followup,,True,True,Yes,RANDOMIZE,True,2023-03-23 07:31:16.179484+00:00,,102,uganda
95,0.1.32:main:b93d109e982121a3c52f61fe8d5be4015c870472,2023-04-19 09:42:03.429704+00:00,2023-05-23 07:38:26.857302+00:00,fbukirwa,dserunjogi,intecomm1,intecomm1,99,99,,,bf81a93f-3c73-4873-87f8-a4b49217a47b,1050006-4,c6a55d3d-cf44-40f5-8f0b-2bd6b9de7d0b,2023-04-19 09:41:20+00:00,KAMENGO PARISH,In followup,1.6000,True,True,Yes,RANDOMIZE,True,2023-05-23 07:38:26.577805+00:00,,105,uganda
96,0.1.31:main:aad00ae3a75642ec87732529e6616f1a4533cdb6,2023-04-11 11:09:02.049440+00:00,2023-05-17 07:01:01.484147+00:00,amtui,amtui,intecomm1,intecomm1,99,99,,,c110601e-1ceb-4302-b7fa-b8b8e5abaf85,2020007-7,72d67261-7d77-4039-af16-cdd84f394f62,2023-04-11 10:43:42+00:00,KISUTU,In followup,2.0000,False,True,Yes,RANDOMIZE,True,2023-05-17 07:01:01.151693+00:00,,202,tanzania
97,0.1.20:main:d595f1de1238a52ff0becca15cd94aa1212ad533,2023-04-25 09:08:18.226567+00:00,2023-05-04 07:08:34.377536+00:00,fssentongo,fssentongo,intecomm1,intecomm1,99,99,,,c1a82731-70e2-41d4-a4dd-24875b5e2968,1070001-1,d4b8a83e-8f41-4ae0-afe0-1aa03627afb5,2023-04-25 09:03:53+00:00,KIWENDA-A,In followup,,True,True,Yes,RANDOMIZE,True,2023-05-04 07:08:34.042850+00:00,,107,uganda
98,0.1.16:main:c1a3740a36d6c83206ef9dff605f92a8a821e3cd,2022-12-16 12:00:30.376261+00:00,2023-03-22 07:21:11.540648+00:00,smzee,smzee,intecomm1,intecomm1,99,99,,,c2637481-354b-47c2-8e27-a028cd0276ed,2080004-1,f1af56be-3ee3-4a99-b070-636d6d0a67e0,2022-12-16 12:00:02+00:00,KINONDONI,In followup,,True,True,Yes,RANDOMIZE,True,2023-03-22 07:21:11.253262+00:00,,208,tanzania
99,0.1.32:main:b93d109e982121a3c52f61fe8d5be4015c870472,2023-03-30 15:17:26.768463+00:00,2023-05-22 07:03:31.843583+00:00,mddumba,mddumba,intecomm1,intecomm1,99,99,,,c461c067-76e8-45df-9153-9addf5066fa6,1080007-6,e035cf90-8d41-4ed4-96a6-327884e554b6,2023-03-30 15:16:59+00:00,Kanaaba,In followup,1.8333,True,True,Yes,RANDOMIZE,True,2023-05-22 07:03:31.501410+00:00,,108,uganda
100,0.1.16:main:c1a3740a36d6c83206ef9dff605f92a8a821e3cd,2023-03-24 12:18:39.950792+00:00,2023-03-31 07:40:07.685480+00:00,snabikolo,tmugasa,intecomm1,intecomm1,99,99,,,c52c16b4-2a66-4ecc-830e-efbcf954c6b2,1030005-1,aa0b5985-244c-437b-806f-3f3d75cef5a2,2023-03-24 12:18:14+00:00,LUZIRA,In followup,,True,True,Yes,RANDOMIZE,True,2023-03-31 07:40:07.373541+00:00,,103,uganda
101,0.1.16:main:c1a3740a36d6c83206ef9dff605f92a8a821e3cd,2022-12-12 08:05:29.616895+00:00,2023-02-21 07:48:04.336419+00:00,wakwilin,wakwilin,intecomm1,intecomm1,99,99,,,c5958e9f-47ba-4cc0-9a61-c94e9a5eb48a,2090001-5,55f1a9df-9507-4343-b87e-640040db639c,2022-12-12 08:00:28+00:00,MANZESE,In followup,,False,True,Yes,RANDOMIZE,True,2023-02-21 07:48:04.002584+00:00,,209,tanzania
102,0.1.32:main:b93d109e982121a3c52f61fe8d5be4015c870472,2023-04-19 10:55:01.730733+00:00,2023-05-29 07:15:59.506825+00:00,dserunjogi,dserunjogi,intecomm1,intecomm1,99,99,,,c627b303-c956-4683-b247-0672ffc85863,1050008-0,a3701af1-8ab0-4a40-ab8b-e71872a044be,2023-04-19 10:54:20+00:00,LWANGA PARISH,In followup,1.8000,False,True,Yes,RANDOMIZE,True,2023-05-29 07:15:59.209148+00:00,,105,uganda
103,0.1.20:main:d595f1de1238a52ff0becca15cd94aa1212ad533,2023-04-12 15:00:18.569913+00:00,2023-04-27 07:47:57.978844+00:00,wnabukeera,wnabukeera,intecomm1,intecomm1,99,99,,,c73c2b8a-6795-4c25-82f2-227eaf807f76,1020005-3,ac77c33c-185c-4b6e-a316-920b2ce7c700,2023-04-12 14:59:38+00:00,KABALAGALA/KANSANGA GROUP,In followup,,True,True,Yes,RANDOMIZE,True,2023-04-27 07:47:57.666053+00:00,,102,uganda
104,0.1.16:main:c1a3740a36d6c83206ef9dff605f92a8a821e3cd,2023-02-08 10:12:27.397036+00:00,2023-03-27 07:55:48.315423+00:00,fssentongo,anafuna,intecomm1,intecomm1,99,99,,,ce353e19-f198-4076-a691-d657b92959a0,1020003-8,7e846a5c-b8f4-4974-9f5f-31811c805b61,2023-02-08 09:34:35+00:00,KISUGU GROUP,In followup,,True,True,Yes,RANDOMIZE,True,2023-03-27 07:55:48.006061+00:00,,102,uganda
105,0.1.20:main:d595f1de1238a52ff0becca15cd94aa1212ad533,2023-01-06 08:52:41.562266+00:00,2023-05-03 07:31:34.126765+00:00,gelikana,hshirima,intecomm1,intecomm1,99,99,,,d4e40d90-3cc2-4a75-8429-2ed096a93dfe,2010005-3,3e0931fd-79a6-4f5c-81e9-11cb98d34db7,2023-01-06 08:45:58+00:00,ILALA,In followup,,False,True,Yes,RANDOMIZE,True,2023-05-03 07:31:33.834628+00:00,,201,tanzania
106,0.1.14:main:02901638f2f9a706599f0bfeb784a5ddd46d5fda,2022-12-07 09:11:52.980294+00:00,2023-02-06 07:46:32.928373+00:00,inamakoola,dserunjogi,intecomm1,intecomm1,99,99,,,d6829a40-14bb-4f60-9d69-b7553dd01352,1080002-7,c3054b1c-4425-4073-8938-e01e62840f76,2022-12-07 09:09:28+00:00,MASAJJA,In followup,,False,True,Yes,RANDOMIZE,True,2023-02-06 07:46:32.622934+00:00,,108,uganda
107,0.1.76:main:806b41540dacfbac3e030ec31d60587bd16079cb,2022-12-12 09:35:58.712522+00:00,2023-09-27 06:46:33.623235+00:00,gelikana,wakwilin,intecomm1,intecomm1,99,99,,,d9067e41-b7c3-4625-b681-b1f3827f194f,2010012-9,50f513b2-134b-4faa-9e94-9a58b32e04ea,2022-12-12 09:35:21+00:00,MAGOMENI KIGOGO,In followup,5.5000,True,True,Yes,RANDOMIZE,True,2023-09-27 06:46:33.260749+00:00,,201,tanzania
108,0.1.74:main:177d7ae910fc86cbfec11b43b04ff6845169b738,2023-07-13 10:20:29.360836+00:00,2023-09-25 06:49:14.883563+00:00,hshirima,smzee,intecomm1,intecomm1,99,99,,,dab2a532-c062-4166-a0b9-d027a6baec4a,2080013-2,08dcb4ea-6674-499b-9ee9-9345c45242b3,2023-07-13 10:17:46+00:00,UBUNGO,In followup,12.0000,True,True,Yes,RANDOMIZE,True,2023-09-25 06:49:14.486488+00:00,,208,tanzania
109,0.1.32:main:b93d109e982121a3c52f61fe8d5be4015c870472,2023-05-15 08:34:20.996467+00:00,2023-05-26 07:04:23.287062+00:00,gelikana,gelikana,intecomm1,intecomm1,99,99,,,dac485c0-a221-4068-89c1-dcbeceb565fd,2010006-1,54a6a668-2292-4f45-9933-7d78dd46d5c0,2023-05-15 08:33:45+00:00,GONGO LA MBOTO B,In followup,7.0000,False,True,Yes,RANDOMIZE,True,2023-05-26 07:04:22.964938+00:00,,201,tanzania
110,0.1.32:main:b93d109e982121a3c52f61fe8d5be4015c870472,2023-02-14 07:52:47.400750+00:00,2023-07-12 07:07:04.778198+00:00,gelikana,wakwilin,intecomm1,intecomm1,99,99,,,dfd79fdb-0aae-4a22-bc2e-c1070a099ad5,2010010-3,f2836171-283c-4d5e-8dda-7b54fd80cd00,2023-02-14 07:52:04+00:00,BUGURUNI MNYAMANI 2,In followup,1.3333,True,True,Yes,RANDOMIZE,True,2023-07-12 07:07:04.392637+00:00,,201,tanzania
111,0.1.32:main:b93d109e982121a3c52f61fe8d5be4015c870472,2022-12-12 08:27:53.942775+00:00,2023-07-05 07:07:32.645864+00:00,gelikana,gelikana,intecomm1,intecomm1,99,99,,,e08835bf-bd9e-4de1-a0b6-e2f5e9be8bf7,2010008-7,0777ed2d-ec8d-4cfc-b705-d2454cc466ac,2022-12-12 08:27:04+00:00,TABATA KIMANGA 2,In followup,2.5000,False,False,Yes,RANDOMIZE,True,2023-07-05 07:07:32.142467+00:00,,201,tanzania
112,0.1.74:main:177d7ae910fc86cbfec11b43b04ff6845169b738,2023-07-04 11:12:28.492564+00:00,2023-09-05 07:28:30.790821+00:00,wakwilin,wakwilin,intecomm1,intecomm1,99,99,,,e1726ac7-b74a-4501-9065-3c15548a27cb,2090006-4,ed226a39-8bf6-4ff8-95ac-e90d18db75c0,2023-07-04 11:12:06+00:00,MBEZI KIMARA,In followup,1.8000,False,True,Yes,RANDOMIZE,True,2023-09-05 07:28:30.421124+00:00,,209,tanzania
113,0.1.69:main:8ec7a9bad0eb23278106acffc3a2b5c3b561ca27,2023-05-30 14:13:10.465978+00:00,2023-08-29 07:26:16.873649+00:00,fssentongo,snandawula,intecomm1,intecomm1,99,99,,,e4f79643-6097-4a29-88fb-e9de80e70ce1,1070005-2,c523a7f1-1650-4b3f-8199-6db97c128261,2023-08-29 07:22:03+00:00,KABUMBA,In followup,4.0000,True,True,Yes,RANDOMIZE,True,2023-08-29 07:26:16.518209+00:00,,107,uganda
114,0.1.32:main:b93d109e982121a3c52f61fe8d5be4015c870472,2023-05-18 14:07:56.746149+00:00,2023-06-02 05:59:38.783497+00:00,fssentongo,fssentongo,intecomm1,intecomm1,99,99,,,e7bbfb35-2426-4563-98dd-f3e23c525d3f,1070003-7,5317f79d-3603-4e69-9be5-d342f0b24899,2023-05-18 14:04:35+00:00,BUSIIKA,In followup,2.5000,True,True,Yes,RANDOMIZE,True,2023-06-02 05:59:38.455739+00:00,,107,uganda
115,0.1.77:main:b28dca64a3894c4642da29be7a33063148660ad2,2022-12-13 10:45:13.656192+00:00,2023-10-06 06:56:12.419732+00:00,gelikana,skitinusa,intecomm1,intecomm1,99,99,,,eadb851e-8b49-4c35-92bc-c1db675206fc,2010013-7,8776872f-3476-4550-8e5a-562d3ad6642d,2022-12-13 10:44:31+00:00,TABATA SEGEREA,In followup,2.5000,False,True,Yes,RANDOMIZE,True,2023-10-06 06:56:12.074426+00:00,,201,tanzania
116,0.1.32:main:b93d109e982121a3c52f61fe8d5be4015c870472,2023-04-24 09:29:20.978166+00:00,2023-06-14 07:50:43.950800+00:00,anafuna,anafuna,intecomm1,intecomm1,99,99,,,ebdc2962-c052-41be-8dae-8ff6eac9f483,1060011-2,bf075eee-bf9f-4ddd-ba8e-fad032c658b8,2023-04-24 09:27:43+00:00,NAMAYUMBA GROUP 2,In followup,2.2500,True,True,Yes,RANDOMIZE,True,2023-06-14 07:50:43.399011+00:00,,106,uganda
117,0.1.77:main:b28dca64a3894c4642da29be7a33063148660ad2,2023-03-17 08:40:22.820706+00:00,2023-10-02 07:04:29.398044+00:00,jlyungu,jlyungu,intecomm1,intecomm1,99,99,,,ee173f50-6951-4b49-a222-bba9de2efc12,2100010-4,53b0d45c-5349-45b1-aa77-64b5b25a988e,2023-03-17 08:31:09+00:00,KIWALANI A,In followup,1.6000,True,True,Yes,RANDOMIZE,True,2023-10-02 07:04:28.917679+00:00,,210,tanzania
118,0.1.32:main:b93d109e982121a3c52f61fe8d5be4015c870472,2023-04-28 12:01:53.994585+00:00,2023-06-12 07:13:57.178439+00:00,fssentongo,snandawula,intecomm1,intecomm1,99,99,,,ef01538f-2323-43cc-bb39-d022bc042770,1070004-5,c3211b50-401a-4363-865c-10856139cfc6,2023-04-28 11:56:47+00:00,KIWENDA-B,In followup,4.0000,True,True,Yes,RANDOMIZE,True,2023-06-12 07:13:56.882261+00:00,,107,uganda
119,0.1.32:main:b93d109e982121a3c52f61fe8d5be4015c870472,2023-04-26 19:34:28.165001+00:00,2023-05-24 08:23:19.180928+00:00,fbukirwa,dserunjogi,intecomm1,intecomm1,99,99,,,efcb569a-d2a3-4130-af09-5c0622e9d0c2,1050007-2,a3934f56-d0c8-4959-98b3-04646c8063ba,2023-04-26 19:33:55+00:00,KATENDE ANNEX,In followup,2.5000,False,True,Yes,RANDOMIZE,True,2023-05-24 08:23:18.883886+00:00,,105,uganda
120,0.1.32:main:b93d109e982121a3c52f61fe8d5be4015c870472,2023-05-02 13:00:52.929057+00:00,2023-06-22 07:01:24.934385+00:00,amtui,amtui,intecomm1,intecomm1,99,99,,,f712e211-49ae-4c70-8985-e3ddaf089836,2020009-3,d898210c-8955-4e4a-a852-c188a9a83188,2023-05-02 12:54:32+00:00,UPENDO,In followup,14.0000,False,True,Yes,RANDOMIZE,True,2023-06-22 07:01:24.638298+00:00,,202,tanzania
121,0.1.29:main:739a42966be575a7fdc8331278a4eb76842a559f,2023-05-03 10:54:51.612630+00:00,2023-05-11 08:21:05.019085+00:00,anafuna,inamakoola,intecomm1,intecomm1,99,99,,,f87e462b-7033-4596-9e9f-4eae9b6b9b53,1060004-7,8e4af9fa-2383-4a03-aa27-a979c159dedb,2023-05-03 10:54:10+00:00,LUKOMA GROUP,In followup,3.0000,True,True,Yes,RANDOMIZE,True,2023-05-11 08:21:04.602545+00:00,,106,uganda
122,0.1.29:main:739a42966be575a7fdc8331278a4eb76842a559f,2023-03-14 12:32:41.841049+00:00,2023-05-11 07:16:40.041590+00:00,sserwatt,jlyungu,intecomm1,intecomm1,99,99,,,f91f50c5-5b06-4734-b7b3-9433ec65bdfb,2100005-4,8fcb0213-2c25-416c-aed7-99db5ef1057f,2023-03-14 12:25:08+00:00,AZIZI ALLY,In followup,1.5000,True,True,Yes,RANDOMIZE,True,2023-05-11 07:16:39.751646+00:00,,210,tanzania
123,0.1.29:main:739a42966be575a7fdc8331278a4eb76842a559f,2023-01-06 11:56:15.773835+00:00,2023-05-11 06:46:05.918345+00:00,skitinusa,skitinusa,intecomm1,intecomm1,99,99,,,fff5293d-b039-4df3-a93d-f5d5f6e4c56f,2050005-4,1678850c-53f8-4661-a5d2-b668fc70de50,2023-01-06 11:55:21+00:00,MAJOHE,In followup,3.0000,True,True,Yes,RANDOMIZE,True,2023-05-11 06:46:05.582030+00:00,,205,tanzania
